{"pitch": [-9.23526479894842, 42.54571900176903, 121.80199770990406, 13.18879321400434], "energy": [-1.6535234451293945, 5.4192304611206055, 48.70094192523516, 29.452828690000665]}